

CREATE TABLE customers (
    customer_id INT PRIMARY KEY,
    name TEXT,
    city TEXT,
    signup_date DATE
);

INSERT INTO customers VALUES
(1,'Alice','Toronto','2022-01-10'),
(2,'Bob','Vancouver','2022-03-15'),
(3,'Charlie','Montreal','2022-05-20'),
(4,'David','Toronto','2023-02-01'),
(5,'Emma','Calgary','2023-06-18'),
(6,'Frank','Ottawa','2023-07-22'),
(7,'Grace','Vancouver','2023-09-30'),
(8,'Hannah','Toronto','2024-01-11');

CREATE TABLE products (
    product_id INT PRIMARY KEY,
    product_name TEXT,
    category TEXT,
    price NUMERIC
);

INSERT INTO products VALUES
(1,'Laptop','Electronics',1200),
(2,'Phone','Electronics',800),
(3,'Headphones','Electronics',150),
(4,'Desk','Furniture',300),
(5,'Chair','Furniture',200),
(6,'Notebook','Stationery',10),
(7,'Pen','Stationery',2);

CREATE TABLE orders (
    order_id INT PRIMARY KEY,
    customer_id INT,
    order_date DATE,
    total_amount NUMERIC
);

INSERT INTO orders VALUES
(1,1,'2023-01-10',1350),
(2,2,'2023-02-12',800),
(3,3,'2023-03-15',160),
(4,1,'2023-04-01',300),
(5,4,'2023-06-22',1200),
(6,5,'2023-07-18',210),
(7,6,'2023-08-05',20),
(8,2,'2023-09-10',150),
(9,7,'2023-10-11',1000),
(10,8,'2024-01-15',1200);

CREATE TABLE order_items (
    order_item_id INT PRIMARY KEY,
    order_id INT,
    product_id INT,
    quantity INT
);

INSERT INTO order_items VALUES
(1,1,1,1),
(2,1,3,1),
(3,2,2,1),
(4,3,3,1),
(5,4,4,1),
(6,5,1,1),
(7,6,5,1),
(8,7,7,10),
(9,8,3,1),
(10,9,2,1),
(11,10,1,1);

CREATE TABLE employees (
    employee_id INT PRIMARY KEY,
	name TEXT,
    manager_id INT,
    department TEXT
);

INSERT INTO employees VALUES
(1,'Sarah',NULL,'Management'),
(2,'Tom',1,'Sales'),
(3,'Lisa',1,'Sales'),
(4,'Mark',2,'Support'),
(5,'Julia',2,'Support');INSERT INTO employees VALUES
(1,'Sarah',NULL,'Management'),
(2,'Tom',1,'Sales'),
(3,'Lisa',1,'Sales'),
(4,'Mark',2,'Support'),
(5,'Julia',2,'Support');




--15
select customer_id,
   sum(total_amount) as total_spending,
   rank() over(order by sum(total_amount) desc) as rank_spending
   from orders
   group by customer_id;
   

--15 Long version
Select customer_id, total_amount, total_Spending,
rank() over(order by total_spending desc) as rank from
(select customer_id, total_amount,
  sum(total_amount) over(partition by customer_id) as total_spending
  from orders) as R;
  
--16
select p.product_id, p.product_name, sum(o_i.quantity) as total_quantity
from products p
join order_items o_i on p.product_id=o_i.product_id
group by p.product_id, p.product_name
order by total_quantity desc
limit 1;

--17 Running Total
select customer_id, order_date, total_amount, 
	Sum(total_amount) over(partition by customer_id order by order_date) as running_total_spending
	from orders;


--18 Self Join
select e.name as employee_name , m.name as manager_name
from employees e
join employees m
on e.manager_id=m.employee_id;

--Interview Questions
-- 1. Find total aount each Customer has spent

select c.name as customer_name, sum(o.total_amount) as total_spending
from customers c
join orders o on c.customer_id=o.customer_id
group by c.name, c.customer_id;

-- 2. Find Top 3 customers by total spending

--first better way
select c.name as customer_name, sum(o.total_amount) as total_spending
from customers c
join orders o on c.customer_id=o.customer_id
group by c.name, o.customer_id
order by total_spending desc limit 3;

--second way
select customer_name, total_spending from
(select c.name as customer_name, 
	sum(o.total_amount) as total_spending,
    rank() over(order by sum(o.total_amount) desc) as rank
	from customers c
	join orders o on c.customer_id=o.customer_id
	group by c.name,o.customer_id)
	where rank<=3;

--3. 3 most popular products
select p.product_name as product_name,
	sum(o_i.quantity) as total_quantity
	from products p
	join order_items o_i on p.product_id=o_i.product_id
	group by o_i.product_id, p.product_name
	order by total_quantity desc
	limit 3;

--4. Find total revenue generated by each product category

select p.category, sum(p.price*o_i.quantity) as total_revenue
	from products p
	join order_items o_i on p.product_id=o_i.product_id
	group by p.category;

--5 Customers with no orders

select c.name as customer_name
	from customers c
	left join orders o on c.customer_id=o.customer_id
	where o.customer_id is null;

--6 Calculate the average order value for each customer

select c.name as customer_name, avg(o.total_amount) as avg_order_value
from customers c
join orders o on c.customer_id=o.customer_id
group by c.name, c.customer_id;

--7
select order_date, 
	sum(total_amount) as daily_revenue, 
	sum(sum(total_amount)) over(order by order_date) as running_revenue
	from orders
	group by order_date;

--8 Find the most expensive product in each category.
select category, product_name, price
	from
		(select category, product_name, price,
		rank() over(partition by category order by price desc) as rank
		from products) t
	where rank=1;

--9 
select c.name as customer_name, count(o.order_id) as order_count
from customers c
join orders o on c.customer_id=o.customer_id
group by c.customer_id, c.name having count(o.order_id)>1;

--10 Employee/Manager Relationships
select e.name as employee_name, m.name as manager_name
from employees e
join employees m on e.manager_id=m.employee_id;

c.name as customer_name
	
--Advanced SQL Interview Problems

--1. Calculate the total lifetime revenue per customer and rank customers by lifetime value.
select 
	c.name as customer_name, 
	sum(o.total_amount) as lifetime_value, 
	rank() over(order by sum(o.total_amount) desc) as rank
	from customers c
	join orders o on c.customer_id=o.customer_id
	group by c.name, c.customer_id;

--2. Find the first order date for each customer.
select c.name as customer_name,
	min(order_date) as first_order_date
	from customers c
	join orders o on c.customer_id=o.customer_id
	group by c.name, c.customer_id;

--3. Find customers who placed more than one order on different days.
select c.name as customer_name,  count(distinct(o.order_date)) as order_count
	from customers c
	join orders o on c.customer_id=o.customer_id
	group by c.name, c.customer_id having count(distinct(o.order_date))>1;
	
--4. Find orders where the order value is greater than that customer's average order value.
select * from
(select order_id, customer_id, total_amount,
	avg(total_amount) over(partition by customer_id) as avg_amount
	from orders) t
	where total_amount>avg_amount;

--5 Return each customer's latest order.

--Using max() and group by 
select c.name as customer_name, max(o.order_date) as order_date
	from customers c
	join orders o on c.customer_id=o.customer_id
	group by c.name, c.customer_id
	order by customer_name;

--Using Particioning and row_number()
select customer_name, order_id, order_date from
	(select c.name as customer_name, o.order_id, order_date,
	row_number() over(partition by c.customer_id order by o.order_date desc) as row_num
	from customers c
	join orders o on c.customer_id=o.customer_id)
where row_num=1;


--6 Calculate cumulative spending per customer over time
select customer_id, order_date,
	sum(total_amount) over(partition by customer_id  order by order_date) as cumulative_spending
	from orders;

--7 Rank products by revenue inside each category
select p.category, p.product_name, sum(p.price*o_i.quantity) as revenue,
	rank() over(partition by p.category order by sum(p.price*o_i.quantity) desc) as rank
	from products p
	join order_items o_i on p.product_id=o_i.product_id
	group by p.category, p.product_name;

--8 Calculate day-over-day revenue change.
select *, (revenue-previous_day_revenue) as change from
(select order_date as date, sum(total_amount) as revenue, 
      lag(sum(total_amount),1) over(order by order_date) as previous_day_revenue
	  from orders
	  group by order_date) t;
	  
--comment:for this question i was wondering when i added partition by oreder_date in the over() it gave nulls for the entire column. why is that

--9 Find customers who purchased products from more than one category.
select c.name as customer_name, o.customer_id as customer_id,
	--o_i.order_item_id as order_item_id,
	count(distinct(p.category)) as Category
	from customers c
	join orders o on c.customer_id=o.customer_id
	join order_items o_i on o.order_id=o_i.order_id
	join products p on o_i.product_id=p.product_id
	group by c.customer_id, c.name having count(distinct(p.category))>1;

--comment: I noticed that when i added in this line "o_i.order_item_id as order_item_id," and then added in "o_i.order_item_id" to the group by I got different output

--10 Find the manager who supervises the most employees.
--First way
select m.name as manager_name, count(e.name) as employee_count
	from employees m
	join employees e on m.employee_id=e.manager_id
	group by m.name
	Order by employee_count desc
	limit 1;

--Second Way
select * from
	(select m.name as manager_name, count(e.name) as employee_count,
	rank() over(order by count(e.name) desc) as rank
	from employees m
	join employees e on m.employee_id=e.manager_id
	group by m.name)
where rank=1;

--comment:not sure which sway is better first or second